Link Name,Center of Mass X,Center of Mass Y,Center of Mass Z,Center of Mass Roll,Center of Mass Pitch,Center of Mass Yaw,Mass,Moment Ixx,Moment Ixy,Moment Ixz,Moment Iyy,Moment Iyz,Moment Izz,Visual X,Visual Y,Visual Z,Visual Roll,Visual Pitch,Visual Yaw,Mesh Filename,Color Red,Color Green,Color Blue,Color Alpha,Collision X,Collision Y,Collision Z,Collision Roll,Collision Pitch,Collision Yaw,Collision Mesh Filename,Material Name,SW Components,Coordinate System,Axis Name,Joint Name,Joint Type,Joint Origin X,Joint Origin Y,Joint Origin Z,Joint Origin Roll,Joint Origin Pitch,Joint Origin Yaw,Parent,Joint Axis X,Joint Axis Y,Joint Axis Z,Limit Effort,Limit Velocity,Limit Lower,Limit Upper,Calibration rising,Calibration falling,Dynamics Damping,Dynamics Friction,Safety Soft Upper,Safety Soft Lower,Safety K Position,Safety K Velocity
base_link,0.00019102,0.0043312,0.16403,0,0,0,9.9127,0.045117,-2.1293E-05,2.5187E-05,0.018727,-1.2685E-06,0.044409,0,0,0,0,0,0,package://Tmotor_5dof_float_base_forcesensor/meshes/base_link.STL,0.75294,0.75294,0.75294,1,0,0,0,0,0,0,package://Tmotor_5dof_float_base_forcesensor/meshes/base_link.STL,,SZ-0201-1,baselink_frame,,,,0,0,0,0,0,0,,0,0,0,,,,,,,,,,,,
left_hip_roll_motor_link,0.000909913714070988,1.72622592164995E-06,-0.0486858968594473,0,0,0,1.11430639951676,0.00128568901548951,7.4644741087412E-08,9.01517398693527E-07,0.000855176129465169,-8.09333561951061E-08,0.000999790263427052,0,0,0,0,0,0,package://Tmotor_5dof_float_base_forcesensor/meshes/left_hip_roll_motor_link.STL,0.752941176470588,0.752941176470588,0.752941176470588,1,0,0,0,0,0,0,package://Tmotor_5dof_float_base_forcesensor/meshes/left_hip_roll_motor_link.STL,,SZ-0201-04B_2-1,left_hip_fixed_joint_frame,,baselink_left_hip_roll_motor_fixed_joint,fixed,0.056632,0.1045,0,0,0,0,base_link,0,0,0,,,,,,,,,,,,
left_hip_yaw_motor_link,-0.054102934637733,3.2011023389511E-06,0.000800949237910117,0,0,0,0.974853817654432,0.000793627206670545,2.28864582781774E-07,2.91623506484699E-07,0.000756812606584072,9.95308541778371E-08,0.00105436991682834,0,0,0,0,0,0,package://Tmotor_5dof_float_base_forcesensor/meshes/left_hip_yaw_motor_link.STL,0.752941176470588,0.752941176470588,0.752941176470588,1,0,0,0,0,0,0,package://Tmotor_5dof_float_base_forcesensor/meshes/left_hip_yaw_motor_link.STL,,SZ-0201-09_4-1,left_hip_roll_frame,left_hip_roll_x,left_hip_roll_joint,revolute,-0.0284,0,-0.0535,0,0,0,left_hip_roll_motor_link,1,0,0,200,200,-3.14,3.14,,,,,,,,
left_hip_pitch_motor_link,-3.19942333718362E-06,-0.000800949712669502,-0.0541029734947796,0,0,0,0.955314265341744,0.000741653730433152,9.75009549411339E-08,-2.15861742096863E-07,0.00103323518386345,-2.85263289696021E-07,0.00077770835944751,0,0,0,0,0,0,package://Tmotor_5dof_float_base_forcesensor/meshes/left_hip_pitch_motor_link.STL,0.752941176470588,0.752941176470588,0.752941176470588,1,0,0,0,0,0,0,package://Tmotor_5dof_float_base_forcesensor/meshes/left_hip_pitch_motor_link.STL,,SZ-0201-09_6-1,left_hip_yaw_frame,left_hip_yaw_z,left_hip_yaw_joint,revolute,-0.057,0,-0.0285,0,0,0,left_hip_yaw_motor_link,0,0,1,200,200,-3.14,3.14,,,,,,,,
left_thigh_link,-0.000641674089705498,-0.000417149484569723,-0.255831148050885,0,0,0,1.64954579081087,0.0107644182853621,2.55210166077938E-06,-2.22857163418508E-05,0.0114088704768203,-0.000280065983392221,0.00134364681555741,0,0,0,0,0,0,package://Tmotor_5dof_float_base_forcesensor/meshes/left_thigh_link.STL,0.752941176470588,0.752941176470588,0.752941176470588,1,0,0,0,0,0,0,package://Tmotor_5dof_float_base_forcesensor/meshes/left_thigh_link.STL,,SZ-0605-5-1,left_hip_pitch_frame,left_hip_pitch_y,left_hip_pitch_joint,revolute,0,0.0285,-0.057,0,0,0,left_hip_pitch_motor_link,0,1,0,200,200,-3.14,3.14,,,,,,,,
left_shank_link,-0.00063811113368167,0.00442523198079489,-0.243670763235056,0,0,0,1.56121121064348,0.00547470330647425,4.47851391965104E-07,-1.30772506205253E-05,0.00588119517643984,-0.000279543952267,0.000674628819165475,0,0,0,0,0,0,package://Tmotor_5dof_float_base_forcesensor/meshes/left_shank_link.STL,0.752941176470588,0.752941176470588,0.752941176470588,1,0,0,0,0,0,0,package://Tmotor_5dof_float_base_forcesensor/meshes/left_shank_link.STL,,SZ-0609V6（加长脚踝）_ASM-2;SZ-0607-5-1,left_knee_frame,left_knee_y,left_knee_joint,revolute,-0.00010064,0.0175,-0.3462,0,0,0,left_thigh_link,0,1,0,200,200,-3.14,3.14,,,,,,,,
left_foot_upper_link,0.000138074158335338,-0.000173297713617987,-0.0469353271007177,0,0,0,0.153779518323733,8.2169755698183E-05,3.46477377940674E-11,1.05963187796745E-08,0.000316006846566786,-2.51992301808154E-20,0.000348601140568842,0,0,0,0,0,0,package://Tmotor_5dof_float_base_forcesensor/meshes/left_foot_upper_link.STL,0.698039215686274,0.698039215686274,0.698039215686274,1,0,0,0,0,0,0,package://Tmotor_5dof_float_base_forcesensor/meshes/left_foot_upper_link.STL,,SZ-0609-6_ASM-1/SZ-0609-05V2-2;SZ-0609-6_ASM-1/SZ-0609-06-1;SZ-0609-6_ASM-1/SZ-0609-05V2-1,left_ankle_frame,left_ankle_y,left_ankle_joint,revolute,0.017616,0.0011733,-0.38767,0,0,0,left_shank_link,0,1,0,200,200,-3.14,3.14,,,,,,,,
left_foot_lower_link,7.21497615818745E-09,-2.99863273101053E-08,-0.0125732032113004,0,0,0,0.56545618260931,0.000339967894287928,3.20595287586827E-09,2.47966296647114E-10,0.00187190629192192,6.05127555641739E-10,0.00214223215940338,0,0,0,0,0,0,package://Tmotor_5dof_float_base_forcesensor/meshes/left_foot_lower_link.STL,0.698039215686274,0.698039215686274,0.698039215686274,1,0,0,0,0,0,0,package://Tmotor_5dof_float_base_forcesensor/meshes/left_foot_lower_link.STL,,SZ-0609-6_ASM-1/sz-0609-07-曲面足-1,left_foot_force_sensor_fixed_frame,,left_foot_force_sensor_fixed_joint,fixed,0,-0.0001733,-0.058,0,0,0,left_foot_upper_link,0,0,0,,,,,,,,,,,,
right_hip_roll_motor_link,0.000909639391899544,2.90168845851202E-06,-0.0486906422767635,0,0,0,1.11430911360657,0.00128568873080156,1.24209235694234E-07,8.18565974467579E-07,0.000854827695341012,-2.68243540703688E-07,0.00100013881218853,0,0,0,0,0,0,package://Tmotor_5dof_float_base_forcesensor/meshes/right_hip_roll_motor_link.STL,0.752941176470588,0.752941176470588,0.752941176470588,1,0,0,0,0,0,0,package://Tmotor_5dof_float_base_forcesensor/meshes/right_hip_roll_motor_link.STL,,SZ-0201-04B-1,right_hip_fixed_joint_frame,,baselink_right_hip_roll_motor_fixed_joint,fixed,0.056632,-0.1045,0,0,0,0,base_link,0,0,0,,,,,,,,,,,,
right_hip_yaw_motor_link,-0.0541012724265004,3.17116412941465E-06,0.000800701889780618,0,0,0,0.974867821036121,0.000793608200838172,2.28908285876752E-07,2.90604429008067E-07,0.00075683253430513,9.94200443658918E-08,0.00105437087567429,0,0,0,0,0,0,package://Tmotor_5dof_float_base_forcesensor/meshes/right_hip_yaw_motor_link.STL,0.752941176470588,0.752941176470588,0.752941176470588,1,0,0,0,0,0,0,package://Tmotor_5dof_float_base_forcesensor/meshes/right_hip_yaw_motor_link.STL,,SZ-0201-09_1-1,right_hip_roll_frame,right_hip_roll_x,right_hip_roll_joint,revolute,-0.0284,0,-0.0535,0,0,0,right_hip_roll_motor_link,1,0,0,200,200,-3.14,3.14,,,,,,,,
right_hip_pitch_motor_link,3.19926530215758E-06,0.00194806096725554,-0.0541260685981047,0,0,0,0.95531425668463,0.000741641109946632,9.75038156914658E-08,2.23208729912618E-07,0.00103323518097926,2.85263766759559E-07,0.000777720971318384,0,0,0,0,0,0,package://Tmotor_5dof_float_base_forcesensor/meshes/right_hip_pitch_motor_link.STL,0.752941176470588,0.752941176470588,0.752941176470588,1,0,0,0,0,0,0,package://Tmotor_5dof_float_base_forcesensor/meshes/right_hip_pitch_motor_link.STL,,SZ-0201-09_2-1,right_hip_yaw_frame,right_hip_yaw_z,right_hip_yaw_joint,revolute,-0.057,-0.0011471,-0.028477,0,0,0,right_hip_yaw_motor_link,0,0,1,200,200,-3.14,3.14,,,,,,,,
right_thigh_link,-0.00624634816236498,0.0032792549532642,-0.256396071347531,0,0,0,1.65587375467264,0.0109887115891632,-2.50726275597547E-06,-9.55567329709406E-06,0.0116312305524999,0.000300253319046964,0.00134893768835223,0,0,0,0,0,0,package://Tmotor_5dof_float_base_forcesensor/meshes/right_thigh_link.STL,0.752941176470588,0.752941176470588,0.752941176470588,1,0,0,0,0,0,0,package://Tmotor_5dof_float_base_forcesensor/meshes/right_thigh_link.STL,,SZ-0606-5-1,right_hip_pitch_frame,right_hip_pitch_y,right_hip_pitch_joint,revolute,0.005566,-0.030223,-0.055829,0,0,0,right_hip_pitch_motor_link,0,1,0,200,200,-3.14,3.14,,,,,,,,
right_shank_link,-0.000639810013288947,-0.00457565127930684,-0.243838343203174,0,0,0,1.56014789380375,0.00547496420807084,-5.14044659515268E-07,-1.23511730232786E-05,0.0058814690320192,0.000279736452910852,0.00067462891298907,0,0,0,0,0,0,package://Tmotor_5dof_float_base_forcesensor/meshes/right_shank_link.STL,0.752941176470588,0.752941176470588,0.752941176470588,1,0,0,0,0,0,0,package://Tmotor_5dof_float_base_forcesensor/meshes/right_shank_link.STL,,SZ-0609V6（加长脚踝）_ASM-1;SZ-0607-5_2-1,right_knee_frame,right_knee_y,right_knee_joint,revolute,-0.0056505,-0.01463,-0.34743,0,0,0,right_thigh_link,0,1,0,200,200,-3.14,3.14,,,,,,,,
right_foot_upper_link,0.00012105,-0.0001733,-0.046901,0,0,0,0.15378,8.217E-05,3.4648E-11,1.0596E-08,0.00031601,2.8587E-20,0.0003486,0,0,0,0,0,0,package://Tmotor_5dof_float_base_forcesensor/meshes/right_foot_upper_link.STL,0.69804,0.69804,0.69804,1,0,0,0,0,0,0,package://Tmotor_5dof_float_base_forcesensor/meshes/right_foot_upper_link.STL,,SZ-0609-6_ASM-2/SZ-0609-06-1;SZ-0609-6_ASM-2/SZ-0609-05V2-1;SZ-0609-6_ASM-2/SZ-0609-05V2-2,right_ankle_frame,right_ankle_y,right_ankle_joint,revolute,0.017617,-0.0008267,-0.38767,0,0,0,right_shank_link,0,1,0,200,200,-3.14,3.14,,,,,,,,
right_foot_lower_link,7.215E-09,-2.9986E-08,-0.012573,0,0,0,0.56546,0.00033997,3.206E-09,2.4797E-10,0.0018719,6.0513E-10,0.0021422,0,0,0,0,0,0,package://Tmotor_5dof_float_base_forcesensor/meshes/right_foot_lower_link.STL,0.69804,0.69804,0.69804,1,0,0,0,0,0,0,package://Tmotor_5dof_float_base_forcesensor/meshes/right_foot_lower_link.STL,,SZ-0609-6_ASM-2/sz-0609-07-曲面足-1,right_foot_force_sensor_fixed_frame,,right_foot_force_sensor_fixed_joint,fixed,-1.7027E-05,-0.0001733,-0.058866,0,0,0,right_foot_upper_link,0,0,0,,,,,,,,,,,,
